Conteo;Valor;Fuente de verificacion
Total de requisitos funcionales (RF);31;ERS_SRS_2A_v2.0.tex seccion 3.1 (RF-01 a RF-31; RF-28 a RF-31 nuevos de la PE5)
Total de requisitos no funcionales (RNF);26;ERS_SRS_2A_v2.0.tex secciones 3.2 y 3.3 (RNF-01 a RNF-26; RNF-16 a RNF-26 nuevos de la PE5)
Total de requisitos (RF+RNF);57;suma anterior (antes de la PE5: 42)
Casos de uso identificados;16;sin cambio respecto al conteo previo del equipo (UC-01 a UC-16); RF-28 a RF-31 todavia no tienen CU identificado en el catalogo del equipo -- pendiente de Danela (Paso 2), no verificable desde este repositorio
Casos de uso especificados textualmente;16;sin cambio, mismo motivo que la fila anterior
Actores del sistema (operativos);2;Administrador y Trabajador agricola (seccion 2.2 del ERS); RF-28 a RF-31 no introducen actor nuevo
Partes interesadas no operativas;2;Equipo de desarrollo y Docente (sin RF asociado), sin cambio
Historias de usuario en el ERS;16;HU para los 16 RF de prioridad Debe tener (seccion 3.4 del ERS v1.0); RF-28 a RF-31 son prioridad Deberia tener, fuera de este alcance, igual que RF-17 a RF-27
Filas de datos de la matriz de trazabilidad;42;sin cambio; RF-28 a RF-31 y RNF-16 a RNF-26 (15 filas nuevas) todavia no tienen fila en la matriz -- pendiente de Danela (Paso 2)
Requisitos con criterio de verificacion cuantificado (umbral+unidad+metodo);57;revision ficha por ficha de ERS_SRS_2A_v2.0.tex, incluidas las 15 fichas nuevas (RF-28 a RF-31, RNF-16 a RNF-26)
Pares totales posibles (todos contra todos);1596;n(n-1)/2 con n=57 (con n=42: 861) -- registrado solo como conteo base de referencia, no como pares efectivamente analizados
Pares intra-ambito medidos por el script (M2);191;nueve ambitos funcionales con n=57 (linea base: ocho ambitos y 116 pares con n=42); salida reproducible m2_pares_analizados.csv -- cero conflictos en ambas olas
Defectos de la linea base corregida (ciclo Entrega 2 a Entrega 3);9;registro_defectos_lineabase_1B_2A.csv (no reverificado en esta sesion)
Hallazgos de la re-inspeccion PE5 (22-08-2026);5;registro_reinspeccion_PE5.csv (no reverificado en esta sesion)
