ID;Origen del hallazgo;Alcance;Descripcion de la observacion;Correccion aplicada;Evidencia en Git
LB-01;Revision docente Entrega 2 (1B);RNF-01 a RNF-06;Los criterios originales describian una actividad de prueba sin umbral cuantificable;Reformulados con metrica, valor objetivo y metodo de medicion explicitos;commit 9eed9fd (02-08-2026) - declarado en la seccion 3.2.2 del ERS
LB-02;Revision docente Entrega 2 (1B);Catalogo RNF;La categoria "Usabilidad" quedo desactualizada frente a la nomenclatura de ISO/IEC 25010:2023;Renombrada a "Interaccion de usuario";commit 9eed9fd (02-08-2026) - declarado en la seccion 3.2.2 del ERS
LB-03;Revision docente Entrega 2 (1B);RF-01 a RF-16;Fichas con atributos incompletos frente a la plantilla exigida;Plantilla de ocho atributos aplicada a las fichas migradas sin alterar su contenido sustantivo;commit 4183dc2 (02-08-2026) - declarado en la seccion 3.1.2 del ERS
LB-04;Contraste evidencia de campo vs catalogo;Alcance funcional;Capacidades identificadas en campo no cubiertas por los dieciseis requisitos migrados;Once requisitos RF-17 a RF-27 añadidos con respaldo de evidencia EV-XX;commit ca64976 (02-08-2026) - declarado en la seccion 3.1.2 del ERS
LB-05;Exigencia normativa de IA;Modulo de IA;Sin requisito de explicabilidad del componente de inteligencia artificial;RNF-15 incorporado con decisiones automaticas, necesidades por usuario y ficha completa;commit b67d93c (02-08-2026) - secciones 3.3 y 3.3.3 del ERS
LB-06;Cobertura agil del ERS;Seccion 3.4;Requisitos funcionales sin historias de usuario ni criterios de aceptacion BDD;Dieciseis HU Connextra con verificacion INVEST y escenarios Gherkin para los RF Debe tener;commit 9b76643 (02-08-2026) - seccion 3.4 del ERS
LB-07;Completitud documental;Seccion 2.1;Falta diagrama de contexto y declaracion del limite del sistema;Diagrama de contexto incorporado con descripcion de entidades internas y externas;commits 64014ba y 38de5bc (02-08-2026) - secciones 2.1 y 2.3 del ERS
LB-08;Completitud documental;Seccion 2.2;Partes interesadas sin analisis poder/interes;Mapa de stakeholders con matriz poder/interes y estrategia por cuadrante;commit b532572 (02-08-2026) - seccion 2.2 del ERS
LB-09;Completitud documental;Seccion 2.3;Sin modelado organizacional;Modelado i* con diagrama de dependencia estrategica y de razon estrategica;commits 38de5bc y 64014ba (02-08-2026) - seccion 2.3 del ERS
